country,name,1/1/2007,31/12/2007,1/1/2008,31/12/2008,1/1/2009,31/12/2009,1/1/2010,31/12/2010,1/1/2011,31/12/2011,1/1/2012,31/12/2012,1/1/2013,31/12/2013,1/1/2014,31/12/2014,1/1/2015,31/12/2015,1/1/2016,31/12/2016,1/1/2017,31/12/2017,1/1/2018,31/12/2018,1/1/2019,31/12/2019,1/1/2020,31/12/2020,1/1/2021,31/12/2021
thailand,SET Index,679.84,858.1,858.1,449.96,449.96,734.54,734.54,1032.76,1032.76,1025.32,1025.32,1391.93,1391.93,1298.71,1298.71,1497.67,1497.67,1288.02,1288.02,1542.94,1542.94,1753.71,1753.71,1563.88,1563.88,1579.84,1579.84,1449.35,1449.35,1657.62
france,CM100 Index,7801.43,7652.11,7652.11,4422.23,4422.23,6094.31,6094.31,7234.18,7234.18,5672.99,5672.99,6977.62,6977.62,8850.04,8850.04,9615.36,9615.36,11174.39,11174.39,11925.45,11925.45,14568.97,14568.97,11579.67,11579.67,13863.92,13863.92,13472.45,13472.45,15515.71
france,NKY Index,17225.83,15307.78,15307.78,8859.56,8859.56,10546.44,10546.44,10228.92,10228.92,8455.35,8455.35,10395.18,10395.18,16291.31,16291.31,17450.77,17450.77,19033.71,19033.71,19114.37,19114.37,22764.94,22764.94,20014.77,20014.77,23656.62,23656.62,27444.17,27444.17,28791.71
Australia,AS30 Index,5644.3,6421,6421,3659.3,3659.3,4882.7,4882.7,4846.9,4846.9,4111.04,4111.04,4664.59,4664.59,5353.08,5353.08,5388.6,5388.6,5344.6,5344.6,5719.1,5719.1,6167.29,6167.29,5709.4,5709.4,6802.4,6802.4,6850.61,6850.61,7779.21
Australia,AS52 Index,5676.5,6356.7,6356.7,3704.1,3704.1,4868.2,4868.2,4760.8,4760.8,4052.27,4052.27,4626.28,4626.28,5304.81,5304.81,5348.9,5348.9,5249.1,5249.1,5617.7,5617.7,6023.3,6023.3,5597,5597,6647.7,6647.7,6574.33,6574.33,7453.91
Australia,AS51 Index,5669.87,6339.84,6339.84,3722.31,3722.31,4870.64,4870.64,4745.24,4745.24,4056.56,4056.56,4648.95,4648.95,5352.21,5352.21,5411.02,5411.02,5295.86,5295.86,5665.79,5665.79,6065.13,6065.13,5646.4,5646.4,6684.08,6684.08,6587.1,6587.1,7444.64
Argentina,MERVAL Index,2090.46,2151.73,2151.73,1079.66,1079.66,2320.73,2320.73,3523.59,3523.59,2462.63,2462.63,2854.29,2854.29,5391.03,5391.03,8579.02,8579.02,11675.18,11675.18,16917.86,16917.86,30065.61,30065.61,30292.55,30292.55,41671.41,41671.41,51226.49,51226.49,83500.11
Argentina,IBG Index,103164.3,121652.6,121652.6,62180.16,62180.16,126569.6,126569.6,188392.4,188392.4,144518,144518,164018.9,164018.9,265324.6,265324.6,414609.5,414609.5,479544.2,479544.2,747261.8,747261.8,1307017,1307017,1307828,1307828,1796571.66,1796571.66,2156062,2156062,3486253
Austria,WBI Index,1676.7,1653.79,1653.79,644.72,644.72,926.49,926.49,1104.39,1104.39,764.56,764.56,928.3,928.3,967.66,967.66,847.93,847.93,934.75,934.75,1033.47,1033.47,1336.81,1336.81,1109.32,1109.32,1267.36,1267.36,1134.58,1134.58,1513.76
Austria,ATX Index,4463.47,4512.98,4512.98,1750.83,1750.83,2495.56,2495.56,2904.47,2904.47,1891.68,1891.68,2401.21,2401.21,2546.54,2546.54,2160.08,2160.08,2396.94,2396.94,2618.43,2618.43,3420.14,3420.14,2745.78,2745.78,3186.94,3186.94,2780.44,2780.44,3861.06
Bangladesh,DSEX Index,,,,,,,,,,,,,,4266.55,4286.15,4864.96,4941.52,4629.64,4629.64,5036.05,5083.89,6244.52,6254.42,5385.64,5465.26,4452.94,4453.29,5402.07,5402.07,6756.66
Belgium,BELSTK Index,34597.58,33923.67,33923.67,17789.89,17789.89,22764.58,22764.58,24375.79,24375.79,21996.91,21996.91,26542.91,26542.91,33393.9,33393.9,37112.87,37112.87,42529.65,42529.65,43084.99,43084.99,45177.17,45177.17,37906.17,37906.17,45507.87,45507.87,39760.45,39760.45,48999.23
Botswana,BGSMDC Index,6195.45,8421.63,8421.63,7035.5,7035.5,7241.89,7241.89,6412.94,6412.94,6970.94,6970.94,7510.24,7510.24,9053.36,9053.36,9501.6,9501.6,10602.32,10602.32,9400.71,9400.71,8860.13,8860.13,7851.88,7851.88,7494.55,7494.55,6879.35,6879.35,7009.62
Brazil,IBOV Index,44473.71,63886.1,63886.1,37550.31,37550.31,68588.41,68588.41,69304.81,69304.81,56754.08,56754.08,60952.08,60952.08,51507.16,51507.16,50007.41,50007.41,43349.96,43349.96,60227.28,60227.28,76402.08,76402.08,87887.26,87887.26,115645.3,115645.3,119017.24,119017.24,104822.44
Brazil,IGCX Index,5169.65,6800.59,6800.59,3697.05,3697.05,6779.55,6779.55,7629.88,7629.88,6679.89,6679.89,7950.45,7950.45,7788.16,7788.16,7968.84,7968.84,7014.72,7014.72,9042.28,9042.28,11746.98,11746.98,13123.57,13123.57,18179.46,18179.46,19122.39,19122.39,16961.49
Brazil,IBX Index,14567.5,21534.73,21534.73,12539.75,12539.75,21672.84,21672.84,22239.51,22239.51,19706.12,19706.12,21982.33,21982.33,21294.4,21294.4,20702.53,20702.53,18133.57,18133.57,24788.04,24788.04,31616,31616,36491.42,36491.42,48675.42,48675.42,50379.31,50379.31,44749.56
Brazil,IVBX2 Index,4734.54,5462.78,5462.78,3444.61,3444.61,5787.01,5787.01,6040.61,6040.61,5756.3,5756.3,6954.27,6954.27,7317.46,7317.46,7194.13,7194.13,7149.03,7149.03,8654.7,8654.7,10654.78,10654.78,11062.35,11062.35,16485.99,16485.99,15996.23,15996.23,14124.26
Brazil,IBOVIEE Index,13985.46,17305.63,17305.63,15291.33,15291.33,24327.08,24327.08,27242.57,27242.57,32613.71,32613.71,28792.84,28792.84,26250.84,26250.84,27161.26,27161.26,24803.21,24803.21,36108.16,36108.16,39732.32,39732.32,49266.22,49266.22,76627.21,76627.21,82845.94,82845.94,76305.03
Bulgaria,SOFIX Index,1224.12,1767.88,1767.88,358.66,358.66,427.27,427.27,362.35,362.35,322.11,322.11,345.46,345.46,491.52,491.52,522.1,522.1,460.9,460.9,586.43,586.43,677.45,677.45,594.46,594.46,568.14,568.14,447.53,447.53,635.68
Canada,SPTSX60 Index,742.77,808.53,808.53,541.82,541.82,693.23,693.23,768.65,768.65,680.87,680.87,713.72,713.72,783.75,783.75,854.85,854.85,764.54,764.54,900.05,900.05,959.7,959.7,859.32,859.32,1014.92,1014.92,1034.76,1034.76,1286.98
Canada,TXEQ Index,13338.16,14448.72,14448.72,9350.91,9350.91,12232.12,12232.12,13968.85,13968.85,12316.18,12316.18,12783.56,12783.56,14075.33,14075.33,15119.87,15119.87,13415.69,13415.69,15804.04,15804.04,16766.6,16766.6,14785.46,14785.46,17584.1,17584.1,18039.86,18039.86,21958.21
Canada,SPTSX Index,12908.39,13833.06,13833.06,8987.7,8987.7,11746.11,11746.11,13443.22,13443.22,11955.09,11955.09,12433.53,12433.53,13621.55,13621.55,14632.44,14632.44,13009.95,13009.95,15287.59,15287.59,16209.13,16209.13,14322.86,14322.86,17063.43,17063.43,17433.36,17433.36,21222.84
Canada,SPTSXVEN Index,2987.08,2839.66,2839.66,797.02,797.02,1520.72,1520.72,2287.85,2287.85,1484.66,1484.66,1221.3,1221.3,931.97,931.97,695.53,695.53,525.66,525.66,762.37,762.37,850.72,850.72,557.2,557.2,577.54,577.54,875.36,875.36,939.18
Canada,UTY Index,493.37,568.76,568.76,398.46,398.46,418,418,421.84,421.84,481.45,481.45,458.63,458.63,488.58,488.58,606.61,606.61,547.09,547.09,619.08,619.08,674.54,674.54,673.49,673.49,825.82,825.82,820.66,820.66,940.77
chile,IPSA Index,2693.36,3051.83,3051.83,2376.42,2376.42,3581.42,3581.42,4927.53,4927.53,4177.53,4177.53,4301.38,4301.38,3699.19,3699.19,3850.96,3850.96,3680.21,3680.21,4151.39,4151.39,5564.6,5564.6,5105.43,5105.43,4669.85,4669.85,4177.22,4177.22,4308.38
chile,CHLRGCAP Index,1506.77,1714.85,1714.85,1623.76,1623.76,2441.85,2441.85,3288.41,3288.41,2793.97,2793.97,2899.97,2899.97,2434.29,2434.29,2463.86,2463.86,2317.48,2317.48,2474.17,2474.17,3168.07,3168.07,2803.14,2803.14,2434.16,2434.16,2105.92,2105.92,2001.78
chile,CHILE65 Index,1469.42,1692.96,1692.96,1647.2,1647.2,2485.03,2485.03,3412.36,3412.36,2962.92,2962.92,3078.68,3078.68,2605.72,2605.72,2645.48,2645.48,2464.99,2464.99,2714.27,2714.27,3524.84,3524.84,3155.68,3155.68,2720.59,2720.59,2323.12,2323.12,2171.99
chile,CHSMLCAP Index,1925.34,2489.26,2489.26,1620.53,1620.53,2782.47,2782.47,4698.76,4698.76,3975.17,3975.17,4322.19,4322.19,3578.6,3578.6,3585.03,3585.03,3263.13,3263.13,4867.76,4867.76,6766.5,6766.5,6590.5,6590.5,5296.73,5296.73,4250.67,4250.67,3345.36
china,SHSZ300 Index,2041.05,5338.28,5338.28,1817.72,1817.72,3575.68,3575.68,3128.26,3128.26,2345.74,2345.74,2522.95,2522.95,2330.03,2330.03,3533.71,3533.71,3731,3731,3310.08,3310.08,4030.86,4030.86,3010.65,3010.65,4096.58,4096.58,5211.29,5211.29,4940.37
china,SHCOMP Index,2675.47,5261.56,5261.56,1820.81,1820.81,3277.14,3277.14,2808.08,2808.08,2199.42,2199.42,2269.13,2269.13,2115.98,2115.98,3234.68,3234.68,3539.18,3539.18,3103.64,3103.64,3307.17,3307.17,2493.9,2493.9,3050.12,3050.12,3473.07,3473.07,3639.78
china,SZCOMP Index,550.59,1447.03,1447.03,553.3,553.3,1201.34,1201.34,1290.87,1290.87,866.65,866.65,881.17,881.17,1057.67,1057.67,1415.19,1415.19,2308.91,2308.91,1969.11,1969.11,1899.34,1899.34,1267.87,1267.87,1722.95,1722.95,2329.37,2329.37,2530.14
colombia,COLIR Index,,,,476.85,476.85,782.67,782.67,1041.7,1041.7,869.93,869.93,1035.13,1035.13,945.39,945.39,950.43,950.43,730.37,730.37,859.14,859.14,976.21,976.21,857.11,857.11,1075.67,1075.67,940.04,940.04,930.02
colombia,COLEQTY Index,,,,536.91,536.91,878.13,878.13,1171.78,1171.78,981.58,981.58,1121.35,1121.35,1034.66,1034.66,1029.13,1029.13,796.14,796.14,926.02,926.02,1041.95,1041.95,912.34,912.34,1144.63,1144.63,1001.48,1001.48,991.42
colombia,COLSC Index,,,,928.62,928.62,1328.08,1328.08,1564.44,1564.44,1337.03,1337.03,1191.26,1191.26,1143.21,1143.21,1059.49,1059.49,871.5,871.5,999.25,999.25,964.24,964.24,727.53,727.53,978.04,978.04,1058.99,1058.99,973.13
Croatia,CRO Index,3210.73,5239.03,5239.03,1722.25,1722.25,2004.06,2004.06,2110.93,2110.93,1740.21,1740.21,1740.39,1740.39,1794.28,1794.28,1745.44,1745.44,1689.63,1689.63,1994.84,1994.84,1842.87,1842.87,1748.81,1748.81,2017.43,2017.43,1739.29,1739.29,2079.35
cyprus,CYSMMAPA Index,3900.39,4820.72,4820.72,1101.42,1101.42,1597.23,1597.23,1055.21,1055.21,295.94,295.94,114.86,114.86,103.31,103.31,85.7,85.7,67.75,67.75,66.41,66.41,69.5,69.5,66.77,66.77,65.06,65.06,56.62,56.62,68.66
Czech Republic,PX Index,1588.9,1815.1,1815.1,858.2,858.2,1117.3,1117.3,1224.8,1224.8,911.1,911.1,1038.7,1038.7,989.04,989.04,946.71,946.71,956.33,956.33,921.61,921.61,1078.16,1078.16,986.56,986.56,1115.63,1115.63,1027.14,1027.14,1426.03
Denmark,OMXC25 Index,,,,,,,,546,546,430.53,430.53,525.08,525.08,691.73,691.73,809.27,809.27,1037.08,1037.08,1015.88,1015.88,1145.64,1145.64,994.92,994.92,1253.9,1253.9,1676.67,1676.67,1965.65
Denmark,KAX Index,423.43,446.69,446.69,227.98,227.98,301.26,301.26,395.2,395.2,325.19,325.19,403.89,403.89,516.85,516.85,607.63,607.63,785.51,785.51,723.46,723.46,836.35,836.35,751.54,751.54,945.97,945.97,1215.67,1215.67,1480.62
Denmark,KFX Index,441.48,464.14,464.14,247.72,247.72,336.69,336.69,457.58,457.58,389.95,389.95,496.16,496.16,615.5,615.5,744.44,744.44,1014.18,1014.18,883.96,883.96,1024.22,1024.22,891.56,891.56,1135.79,1135.79,1465.17,1465.17,1863.99
Egypt,EGX30 Index,6973.41,10549.74,10549.74,4596.49,4596.49,6208.77,6208.77,7142.14,7142.14,3622.35,3622.35,5462.42,5462.42,6782.84,6782.84,8926.58,8926.58,7006.01,7006.01,12344.89,12344.89,15019.14,15019.14,13035.77,13035.77,13961.56,13961.56,10845.26,10845.26,11949.18
Egypt,HERMES Index,612.91,927.34,927.34,427.18,427.18,573.44,573.44,663.55,663.55,381.61,381.61,551.03,551.03,675.38,675.38,833.85,833.85,630.51,630.51,1088.98,1088.98,1436.98,1436.98,1277.66,1277.66,1282.79,1282.79,1126.97,1126.97,1280.11
Estonia,TALSE Index,856.27,742.45,742.45,274.83,274.83,404.58,404.58,698.38,698.38,531.17,531.17,734.2,734.2,817.72,817.72,755.05,755.05,898.99,898.99,1075.5,1075.5,1242.12,1242.12,1162.86,1162.86,1279.71,1279.71,1343.64,1343.64,2001.03
Finland,HEX Index,9625.37,11598.42,11598.42,5403.52,5403.52,6456.13,6456.13,7661.9,7661.9,5355.06,5355.06,5801.29,5801.29,7336.98,7336.98,7758.51,7758.51,8596.07,8596.07,8901.53,8901.53,9471.56,9471.56,8709.58,8709.58,9874.66,9874.66,10872.05,10872.05,12862.42
Finland,HEXP Index,5397.2,5602.9,5602.9,2798.1,2798.1,3811.4,3811.4,4755.8,4755.8,3424,3424,3753.9,3753.9,4729.1,4729.1,4996.5,4996.5,5582.3,5582.3,6041.5,6041.5,6481,6481,5984.5,5984.5,6867.2,6867.2,7584.8,7584.8,9210.9
Finland,HEX25 Index,2910.49,3010.11,3010.11,1515.65,1515.65,2032.58,2032.58,2628.48,2628.48,1942.06,1942.06,2210.02,2210.02,2835.17,2835.17,2988.08,2988.08,3359.38,3359.38,3680.08,3680.08,3917.97,3917.97,3685.16,3685.16,4221.98,4221.98,4586.15,4586.15,5571.97
France,SBF250 Index,3940.27,3956.31,3956.31,2251.35,2251.35,2789.32,2789.32,2800.66,2800.66,2344.44,2344.44,2728.5,2728.5,3262.93,3262.93,3288.66,3288.66,3596.97,3596.97,3769.25,3769.25,4184.48,4184.48,3684.17,3684.17,4607.88,4607.88,4313.46,4313.46,5441.42
France,PAX Index,5707.4,5886.53,5886.53,3287.59,3287.59,4090.08,4090.08,4147.87,4147.87,3405.76,3405.76,3921.84,3921.84,4780.96,4780.96,4884.43,4884.43,5323,5323,5611.92,5611.92,6423.52,6423.52,5773.75,5773.75,7199.59,7199.59,6979.61,6979.61,8982.02
Germany,DAX Index,6596.92,8067.32,8067.32,4810.2,4810.2,5957.43,5957.43,6914.19,6914.19,5898.35,5898.35,7612.39,7612.39,9552.16,9552.16,9805.55,9805.55,10743.01,10743.01,11481.06,11481.06,12917.64,12917.64,10558.96,10558.96,13249.01,13249.01,13718.78,13718.78,15884.86
Ghana,GGSECI Index,,,,,,,,1000,1000,969.03,969.03,1199.72,1199.72,2145.2,2145.2,2261.02,2261.02,1994.91,1994.91,1689.09,1689.09,2579.72,2579.23,2499.33,2499.33,2257.15,2295.29,1939.14,1939.14,2793.24
Greece,ASE Index,4394.13,5178.83,5178.83,1786.51,1786.51,2196.16,2196.16,1413.94,1413.94,680.42,680.42,907.9,907.9,1162.68,1162.68,826.18,826.18,631.35,631.35,643.64,643.64,802.37,802.37,613.3,613.3,916.67,916.67,808.99,808.99,893.34
Greece,FTASE Index,23771.1,27524.8,27524.8,9325,9325,11253.8,11253.8,6631,6631,2649.1,2649.1,3096.8,3096.8,3848.4,3848.4,2648.6,2648.6,1833.4,1833.4,1740.86,1740.86,2083.22,2083.22,1608.4,1608.4,2298.02,2298.02,1934.64,1934.64,2148.86
Greece,FTSEM Index,5245.31,6264.66,6264.66,1900.59,1900.59,2614.15,2614.15,1498.57,1498.57,639.5,639.5,1133.19,1133.19,1166.81,1166.81,773.03,773.03,816.44,816.44,753.69,753.69,1198.22,1198.22,975.09,975.09,1195.17,1195.17,1107.38,1107.38,1491.91
"Hong kong sar, china",HSI Index,19964.72,27812.65,27812.65,14387.48,14387.48,21872.5,21872.5,23035.45,23035.45,18434.39,18434.39,22656.92,22656.92,23306.39,23306.39,23605.04,23605.04,21914.4,21914.4,22000.56,22000.56,29919.15,29919.15,25845.7,25845.7,28189.75,28189.75,27231.13,27231.13,23397.67
"Hong kong sar, china",HSCI Index,2802.68,3935.37,3935.37,1982.56,1982.56,3052.01,3052.01,3248.17,3248.17,2546.6,2546.6,3113.07,3113.07,3260.66,3260.66,3267.27,3267.27,3021.47,3021.47,2994.61,2994.61,4140.45,4140.45,3449.69,3449.69,3827.55,3827.55,4294.66,4294.66,3626.5
Hungary,CHTX Index,6373.98,6887.84,6887.84,3044.17,3044.17,5287.04,5287.04,4686.32,4686.32,3276.6,3276.6,3697.46,3697.46,3843.53,3843.53,2813.95,2813.95,3495.11,3495.11,4430.09,4430.09,5913.12,5913.12,5085.32,5085.32,5249.33,5249.33,4751.81,4751.81,4940.25
Hungary,BUX Index,24844.32,26235.63,26235.63,12241.69,12241.69,21227.01,21227.01,21327.07,21327.07,16974.24,16974.24,18173.2,18173.2,18564.08,18564.08,16634,16634,23920.65,23920.65,32003.05,32003.05,39377.31,39377.31,39138.95,39138.95,46082.82,46082.82,42047.59,42047.59,50720.71
lceland,ICEXI Index,5857.5,5803.35,5803.35,581.76,581.76,496.48,496.48,569.19,569.19,580.73,580.73,678.15,678.15,864.93,864.93,956.44,956.44,1319.96,1319.96,1232.09,1232.09,1289.95,1289.95,1217.58,1217.58,1516.42,1516.42,1885.57,1885.57,2642.82
india,BSE500 Index,5270.76,8592.43,8660.63,3596.85,3691.75,6842.25,6842.25,7961.06,7961.06,5778.68,5778.68,7581.57,7650.75,7828.34,7839.03,10721.62,10744.62,10634.22,10680.48,11036.44,11036.44,15002.73,14935.58,14540.39,14587.25,15667.44,15694.44,18300.1,18389.08,23811
india,BSE100 Index,4049.88,6469.48,6499.85,2893.06,2969.05,5353.23,5353.23,6191.51,6191.51,4598.21,4598.21,5975.74,6029.23,6326.72,6328.21,8369.27,8378.82,8097.57,8123.19,8386.69,8386.69,11029.78,10960.57,11161.02,11200.61,12236.19,12251.58,14100.47,14149.78,17625.51
india,BSE200 Index,1655.74,2656.52,2672.81,1156.59,1187.19,2180.25,2180.25,2533.9,2533.9,1850.89,1850.89,2424.38,2446.27,2530.58,2532.01,3428.09,3433.21,3377.51,3390.85,3511.05,3511.05,4678.86,4652.8,4653.68,4668.61,5078.44,5085.32,5906.87,5932.14,7536.67
india,NIFTY Index,3966.4,6138.6,6144.35,2959.15,3033.45,5201.05,5201.05,6134.5,6134.5,4624.3,4624.3,5905.1,5950.85,6304,6301.65,8282.7,8284,7946.35,7963.2,8185.8,8185.8,10530.7,10435.55,10862.55,10910.1,12168.45,12182.5,13981.75,14018.5,17354.05
india,SENSEX Index,13786.91,20286.99,20300.71,9647.31,9903.46,17464.81,17464.81,20509.09,20509.09,15454.92,15454.92,19426.71,19580.81,21170.68,21140.48,27499.42,27507.54,26117.54,26160.9,26626.46,26626.46,34056.83,33812.75,36068.33,36254.57,41253.74,41306.02,47751.33,47868.98,58253.82
indonesia,JCI Index,1805.52,2745.83,2745.83,1355.41,1355.41,2534.36,2534.36,3703.51,3703.51,3821.99,3821.99,4316.69,4316.69,4274.18,4274.18,5226.95,5226.95,4593.01,4593.01,5296.71,5296.71,6355.65,6355.65,6194.5,6194.5,6299.54,6299.54,5979.07,5979.07,6581.48
indonesia,LQ45 Index,388.29,599.82,599.82,270.23,270.23,498.29,498.29,661.38,661.38,673.51,673.51,735.04,735.04,711.14,711.14,898.58,898.58,792.03,792.03,884.62,884.62,1079.39,1079.39,982.73,982.73,1014.47,1014.47,934.89,934.89,931.41
Ireland,ISEQ Index,9408.12,6934.35,6934.35,2343.27,2343.27,2974.93,2974.93,2885.1,2885.1,2901.82,2901.82,3396.67,3396.67,4539.43,4539.43,5224.56,5224.56,6791.68,6791.68,6517.24,6517.24,7038.28,7038.28,5479.81,5479.81,7183.41,7183.41,7376.33,7376.33,8444.52
Israel,TA-125 Index,939.99,1154.59,1163.65,564.09,584.81,1064.98,1064.98,1224,1224,978.49,990.37,1049.06,1076.34,1207.69,1219.32,1288.93,1288.01,1315.08,1315.08,1282.37,1276.94,1364.36,1378.25,1333.18,1348.9,1616.7,1623.71,1568.09,1568.09,2056.51
Israel,TA-35 Index,941.13,1217.07,1225.09,654.85,667.39,1145.06,1145.06,1326.44,1326.44,1085.59,1099.19,1185.6,1214.59,1329.39,1339.62,1464.99,1461.97,1528.74,1528.74,1470.78,1459.91,1509.78,1523.24,1463.87,1478.42,1683.29,1685.5,1499.05,1499.05,1978.06
Italy,IT30 Index,4253.99,3963.84,3963.84,2025.11,2025.11,2478.91,2478.91,2199.07,2199.07,1595.36,1595.36,1739.72,1739.72,2015.11,2015.11,2042.71,2042.71,2281.89,2281.89,2013.91,2013.91,2276.49,2276.49,1897.08,1897.08,2426.55,2426.55,2236.93,2236.93,2824.29
Italy,FTSEMIB Index,41434,38554,38554,19460,19460,23248.39,23248.39,20173.29,20173.29,15089.74,15089.74,16273.38,16273.38,18967.71,18967.71,19011.96,19011.96,21418.37,21418.37,19234.58,19234.58,21853.34,21853.34,18324.03,18324.03,23506.37,23506.37,22232.9,22232.9,27346.83
Italy,ITLMS Index,41797.88,38744.89,38744.89,19844.73,19844.73,23652.86,23652.86,20935.64,20935.64,15850.49,15850.49,17175.35,17175.35,20203.72,20203.72,20137.74,20137.74,23235.76,23235.76,20936.48,20936.48,24191.88,24191.88,20148.24,20148.24,25628.94,25628.94,24202.73,24202.73,29941.89
Italy,ITMC Index,45507.49,39067.19,39067.19,20100.49,20100.49,24841.33,24841.33,24113.67,24113.67,17708.11,17708.11,17631.57,17631.57,26242.64,26242.64,25228.74,25228.74,34872.26,34872.26,32098.78,32098.78,42473.97,42473.97,34170.17,34170.17,40422.2,40422.2,38091.63,38091.63,49841.71
Italy,ITSTAR Index,16953,14369,14369,8554,8554,11247.52,11247.52,11576.92,11576.92,9381.59,9381.59,10938.07,10938.07,17030.29,17030.29,18660.05,18660.05,26091.43,26091.43,27184.13,27184.13,36625.24,36625.24,30538.51,30538.51,39102.91,39102.91,44617.15,44617.15,64565.29
japan,TSEMOTHR Index,1110.78,783.18,783.18,323.47,323.47,416.22,416.22,433.63,433.63,396.21,396.21,404.37,404.37,959.33,959.33,909.67,909.67,887.14,887.14,942.68,942.68,1231.99,1231.99,812.32,812.32,897.47,897.47,1196.49,1196.49,987.94
japan,NKY Index,17225.83,15307.78,15307.78,8859.56,8859.56,10546.44,10546.44,10228.92,10228.92,8455.35,8455.35,10395.18,10395.18,16291.31,16291.31,17450.77,17450.77,19033.71,19033.71,19114.37,19114.37,22764.94,22764.94,20014.77,20014.77,23656.62,23656.62,27444.17,27444.17,28791.71
japan,TPX Index,1681.07,1475.68,1475.68,859.24,859.24,907.59,907.59,898.8,898.8,728.61,728.61,859.8,859.8,1302.29,1302.29,1407.51,1407.51,1547.3,1547.3,1518.61,1518.61,1817.56,1817.56,1494.09,1494.09,1721.36,1721.36,1804.68,1804.68,1992.33
japan,TPX100 Index,1222.09,1078.96,1078.96,592.21,592.21,634,634,625.9,625.9,480.23,480.23,574.74,574.74,871.94,871.94,925.57,925.57,996.71,996.71,973.72,973.72,1136.87,1136.87,950.93,950.93,1105.25,1105.25,1172.23,1172.23,1325.68
japan,JPNK400 Index,,,,,,,,,,,,,,11767.24,11767.24,12768.42,12768.42,13951.93,13951.93,13614.8,13614.8,16074.1,16074.1,13253.37,13253.37,15376.38,15376.38,16341.8,16341.8,17990.97
japan,TSEREIT Index,1990.43,1868.57,1868.57,900.36,900.36,893.19,893.19,1130.7,1130.7,834.36,834.36,1114.68,1114.68,1515.01,1515.01,1897.92,1897.92,1747.54,1747.54,1855.83,1855.83,1662.92,1662.92,1774.06,1774.06,2145.49,2145.49,1783.9,1783.9,2066.33
jordan,JOSMGNFF Index,3013.66,3674.96,3674.96,2758.44,2758.44,2533.54,2533.54,2373.58,2373.58,1995.13,1995.13,1957.6,1957.6,2065.83,2065.83,2165.46,2165.46,2136.32,2136.32,2170.29,2170.29,2126.78,2126.78,1908.81,1908.81,1815.2,1815.2,1657.22,1657.22,2118.65
kazakhstan,KZKAK Index,2418.08,2637.02,2637.02,982.77,982.77,1768.26,1768.26,1718.09,1718.09,1105.58,1105.58,969.7,969.7,918.01,918.01,941.86,941.86,858.79,858.79,1357.87,1357.87,2162.69,2162.69,2304.94,2304.94,2363.79,2363.79,2675.58,2675.58,3675.28
kenya,NSEASI Index,,,,73.37,73.37,71.64,71.64,97.83,97.83,68.04,68.04,94.86,94.86,136.65,136.65,162.89,162.89,145.7,145.7,133.34,133.34,171.2,171.2,140.43,140.43,166.41,166.41,152.11,152.11,166.46
kenya,KNSMIDX Index,5645.65,5444.83,5444.83,3521.18,3521.18,3247.77,3247.77,4432.6,4432.6,3205.02,3205.02,4133.02,4133.02,4926.97,4926.97,5112.65,5112.65,4040.75,4040.75,3186.21,3186.21,3711.94,3711.94,2833.84,2833.84,2654.39,2654.39,1868.39,1868.39,1902.57
latvia,RIGSE Index,655.54,595.3,595.3,271.29,271.29,278.94,278.94,393.53,393.53,371.16,371.16,395.91,395.91,460.13,460.13,408.03,408.03,594.35,594.35,733.77,733.77,996.13,996.13,929.02,929.02,1036.15,1036.15,1136.34,1136.34,1274.2
lebanon,BLOM Index,1185.01,1501.77,1501.77,1178.25,1178.25,1565.77,1565.77,1475.57,1475.57,1176.7,1176.7,1169.14,1169.14,1150.1,1150.1,1170.26,1170.26,1169.52,1169.52,1211.76,1211.76,1148.57,1148.57,976.75,976.75,785.56,785.56,657.89,657.89,1029.36
lithuania,VILSE Index,492.65,514.23,514.23,179.25,179.25,261.77,261.77,409.65,409.65,298.78,298.78,355.08,355.08,421.6,421.6,452.42,452.42,485.99,485.99,558.5,558.5,653.29,653.29,616.9,616.9,712.14,712.14,816.64,816.64,966.13
Luxembourg,Luxxx index,2176.92,2419.28,2419.28,980.91,980.91,1371.47,1371.47,1542.12,1542.12,1135.1,1135.1,1248,1248,1448.94,1448.94,1520.37,1520.37,1390.72,1390.72,1669.07,1669.07,1638.41,1638.41,1316.94,1316.94,1378.43,1378.43,1345.6,1345.6,1662.22
Luxembourg,Luxxr index,2573.16,2905.97,2905.97,1214.89,1214.89,1740.99,1740.99,2019.25,2019.25,1526.16,1526.16,1734.74,1734.74,2101.83,2101.83,2257.91,2257.91,2110.37,2110.37,2593.4,2593.4,2614.9,2614.9,2168.09,2168.09,2343.39,2343.39,2343.05,2343.05,2974.04
Malaysia,FBMEMAS Index,7169.59,9810.83,9810.83,5726.46,5726.46,8507.61,8507.61,10374.98,10374.98,10489.07,10489.07,11438.14,11438.14,12853.63,12853.63,12066.28,12066.28,11793.65,11793.65,11466.54,11466.54,12942.57,12942.57,11527.51,11527.51,11323.49,11323.49,11761.93,11761.93,11308.79
Malaysia,FBMKLCI Index,1096.24,1445.03,1445.03,876.75,876.75,1272.78,1272.78,1518.91,1518.91,1530.73,1530.73,1688.95,1688.95,1866.96,1866.96,1761.25,1761.25,1692.51,1692.51,1641.73,1641.73,1796.81,1796.81,1690.58,1690.58,1588.76,1588.76,1627.21,1627.21,1567.53
mexico,MEXBOL Index,26448.32,29536.83,29536.83,22380.32,22380.32,32120.47,32120.47,38550.79,38550.79,37077.52,37077.52,43705.83,43705.83,42727.09,42727.09,43145.66,43145.66,42977.5,42977.5,45642.9,45642.9,49354.42,49354.42,41640.27,41640.27,43541.02,43541.02,44066.88,44066.88,53272.43
mexico,IRT Index,28872.03,32963.78,32963.78,25535.78,25535.78,37325.45,37325.45,45390.19,45390.19,44409.91,44409.91,53162.78,53162.78,53151.13,53151.13,54209.65,54209.65,55001.82,55001.82,59483.27,59483.27,65724.81,65724.81,56770.82,56770.82,61266.94,61266.94,63321.41,63321.41,78761.17
mexico,INMEX Index,1532.73,1668.35,1668.35,1221.9,1221.9,1908.11,1908.11,2276.04,2276.04,2037.62,2037.62,2501.37,2501.37,2482.72,2482.72,2530.01,2530.01,2500.03,2500.03,2688.82,2688.82,2968.59,2968.59,2469.27,2469.27,2557.34,2557.34,2684.66,2684.66,3296.11
mongolia,MSETOP Index,2076.62,10170.65,10170.65,5583.22,5583.22,6189.91,6189.91,14759.8,14759.8,21687.6,21687.6,17609.14,17609.14,16301.81,16301.81,14854.24,14854.24,12897.59,12897.59,12456.06,12456.06,20736.93,20736.93,21466.76,21466.76,19621.86,19621.86,19285.8,19285.8,44411.6
morocco,MCSINDEX SWFS Index,20357.47,25631.19,25631.19,22940.29,22940.29,21701.32,21701.32,26191.78,26191.78,22680.55,22680.55,19143.04,19143.04,18817.59,18817.59,20235.75,20235.75,19001.83,19001.83,24464.24,24464.24,25864.08,25864.08,23804.34,23804.34,25377.37,25377.37,23313.59,23313.59,27096.15
netherlands,AEX Index,495.34,515.77,515.77,245.94,245.94,335.33,335.33,354.57,354.57,312.47,312.47,342.71,342.71,401.79,401.79,424.47,424.47,441.82,441.82,483.17,483.17,544.58,544.58,487.88,487.88,604.58,604.58,624.61,624.61,797.93
netherlands,AMX Index,678.26,657.04,657.04,312.16,312.16,510.82,510.82,638.82,638.82,467.91,467.91,534.06,534.06,629.11,629.11,636.38,636.38,698.03,698.03,687.25,687.25,834.76,834.76,657.58,657.58,910.47,910.47,934.6,934.6,1081.17
new zealand,NZSE Index,1150.02,1094.22,1094.22,684.91,684.91,773.04,773.04,756.58,756.58,729.8,729.8,882.05,882.05,998.9,998.9,1121.57,1121.57,1217.43,1217.43,1281.39,1281.39,1510.81,1510.81,1531.03,1531.03,1923.78,1923.78,2155.4,2155.4,2105.67
nigeria,NGSEINDX Index,33189.3,57990.22,57990.22,31446.96,31446.96,20827.17,20827.17,24770.52,24770.52,20730.63,20730.63,28078.81,28078.81,41329.19,41329.19,34657.15,34657.15,28642.25,28642.25,26874.62,26874.62,38243.19,38243.19,31430.5,31430.5,26842.07,26842.07,40270.72,40270.72,42716.44
norway,OBX Index,371.37,422.08,422.08,199.13,199.13,339.32,339.32,400.4,400.4,357.6,357.6,410.3,410.3,503.58,503.58,523.68,523.68,538.98,538.98,617.75,617.75,742.8,742.8,739.42,739.42,843.35,843.35,858.86,858.86,1068.63
norway,OSEBX Index,440.36,490.81,490.81,225.48,225.48,371.56,371.56,439.72,439.72,384.95,384.95,444.09,444.09,548.86,548.86,576.04,576.04,610.26,610.26,683.87,683.87,814.45,814.45,799.46,799.46,931.45,931.45,973.97,973.97,1201.43
pakistan,KSE Index,6770.06,9961.06,9667,4400.76,4327.76,6665.55,6665.55,8359.31,8359.31,7856.82,7856.82,11964.24,11899.72,18664.04,18913.13,23397.91,23598.04,22936.8,23195.06,32842.43,32842.43,29774.24,29778.63,28043.38,28630.31,29011.73,29279.97,30779.7,31169.49,30726.52
pakistan,KSE100 Index,10040.5,14077.16,13666.85,5865.01,5753.18,9386.92,9386.92,12022.46,12022.46,11347.66,11347.66,16905.33,16794.87,25261.14,25608.85,32131.28,32503.8,32816.31,33228.95,47806.97,47806.97,40471.48,40711.04,37066.67,37995.76,40735.08,41400,43755.38,44434.8,44596.07
pakistan,KSE30 Index,12521.54,16717.1,16717.1,5485.33,5341.97,9849.92,9849.92,11588.24,11588.24,10179.03,10179.03,13764,13694.94,18808.86,19073.47,20771.55,21047.92,19282.29,19565.16,25851.71,25851.71,20215.67,20369.23,17173.72,17753.05,18656.48,18997.91,18180,18584.01,17501.69
peru,SPBL25PT Index,22159.28,29035.46,29035.46,11691.34,11691.34,22434.09,22434.09,32050.41,32050.41,27335.2,27335.2,31000.6,31000.6,22877.82,22877.82,20265.02,20265.02,12901.7,12901.7,23578.41,23578.41,30766.81,30766.81,26508.09,26508.09,25752.88,25752.88,25198.62,25198.62,30273.91
peru,SPBLPGPT Index,12884.2,17524.79,17524.79,7048.67,7048.67,14167.2,14167.2,23374.57,23374.57,19473.31,19473.31,20629.35,20629.35,15753.65,15753.65,14794.32,14794.32,9848.59,9848.59,15566.96,15566.96,19974.38,19974.38,19350.4,19350.4,20526.13,20526.13,20822.15,20822.15,21111.73
philippines,PCOMP Index,2982.54,3621.6,3621.6,1872.85,1872.85,3052.68,3052.68,4201.14,4201.14,4371.96,4371.96,5812.73,5812.73,5889.83,5889.83,7230.57,7230.57,6952.08,6952.08,6840.64,6840.64,8558.42,8558.42,7466.02,7466.02,7815.26,7815.26,7139.71,7139.71,7122.63
poland,WIG Index,50411.82,55648.54,55648.54,27228.64,27228.64,39985.99,39985.99,47489.91,47489.91,37595.44,37595.44,47460.59,47460.59,51284.25,51284.25,51416.08,51416.08,46467.38,46467.38,51754.03,51754.03,63746.2,63746.2,57690.5,57690.5,57832.88,57832.88,57025.84,57025.84,69296.26
portugal,BVLX Index,3485.63,4123.9,4123.9,2073.59,2073.59,2902.26,2902.26,2721.99,2721.99,2167.44,2167.44,2334.18,2334.18,2698.34,2698.34,2128.42,2128.42,2524.41,2524.41,2520.15,2520.15,2969.55,2969.55,2775.7,2775.7,3365.25,3365.25,3799.7,3799.7,4184.18
qatar,QETR Index,,10054.53,10054.53,7379.04,7379.04,8079.05,8079.05,10583.29,10583.29,11156.03,11156.03,11312.66,11312.66,14830.05,14830.05,18324.12,18324.12,16210.94,16210.94,16885.99,16885.99,14293.2,14293.2,18145.72,18145.72,19183.83,19183.83,20062.79,20062.79,23013.99
qatar,DSM Index,7133,9580.45,9580.45,6886.12,6886.12,6959.17,6959.17,8681.65,8681.65,8779.03,8779.03,8358.94,8358.94,10379.59,10379.59,12285.78,12285.78,10429.36,10429.36,10436.76,10436.76,8523.38,8523.38,10299.01,10299.01,10425.51,10425.51,10435.96,10435.96,11625.81
qatar,QEAS Index,,1545.55,1545.55,1161.47,1161.47,1317.78,1317.78,1790.53,1790.53,1926.42,1926.42,2014.6,2014.6,2587.57,2587.57,3151,3151,2776.78,2776.78,2869.16,2869.16,2452.49,2452.49,3079.09,3079.09,3099.21,3099.21,3199.41,3199.41,3698.05
romania,BET Index,8050.18,9825.38,9825.38,2901.1,2901.1,4690.57,4690.57,5268.61,5268.61,4336.95,4336.95,5149.56,5149.56,6493.79,6493.79,7083,7083,7004.32,7004.32,7085.05,7085.05,7753.74,7753.74,7383.68,7383.68,9977.3,9977.3,9805.6,9805.6,13061.32
russian federation,MOEX10 Index,3328.42,3357.21,3357.21,1235.76,1235.76,3134.71,3134.71,3931.78,3931.78,3213.13,3213.13,3394.58,3394.58,3266.42,3266.42,3039.96,3039.96,3960.47,3960.47,4918.92,4918.92,4122.45,4122.45,4186.93,4186.93,5344.45,5344.45,5376.78,5376.78,5821.68
russian federation,IMOEX Index,1693.47,1888.86,1888.86,619.53,619.53,1370.01,1370.01,1687.99,1687.99,1402.23,1402.23,1474.72,1474.72,1504.08,1504.08,1396.61,1396.61,1761.36,1761.36,2232.72,2232.72,2109.74,2109.74,2369.33,2369.33,3045.87,3045.87,3289.02,3289.02,3787.26
russian federation,RTSI$ Index,1921.92,2290.51,2290.51,631.89,631.89,1444.61,1444.61,1770.28,1770.28,1381.87,1381.87,1526.98,1526.98,1442.73,1442.73,790.71,790.71,757.04,757.04,1152.33,1152.33,1154.43,1154.43,1068.72,1068.72,1548.92,1548.92,1387.46,1387.46,1595.76
russian federation,MOEXBC Index,11400.53,12690.62,12690.62,4174.77,4174.77,9568.83,9568.83,11393.51,11393.51,9592.15,9592.15,10102.06,10102.06,10176.9,10176.9,9298.92,9298.92,11637.91,11637.91,14736.86,14736.86,13672.33,13672.33,15796.11,15796.11,20823.93,20823.93,21651.06,21651.06,24747.2
saudi arabia,SASEIDX Index,7933.29,11038.66,10717.89,4802.99,4802.99,6121.76,6121.76,6620.75,6620.75,6418.13,6386.04,6801.22,6860.01,8535.6,8605.34,8333.3,8409.54,6911.76,6911.76,7210.43,7237.95,7226.32,7194.15,7826.73,7798.39,8389.23,8358.85,8689.53,8689.53,11281.71
surbia,BELEXLIN Index,2658.16,3830.84,3830.84,1198.34,1198.34,1311.84,1311.84,1282.66,1282.66,977.19,977.19,1005.56,1005.56,1104.92,1104.92,1344.82,1344.82,1380.42,1380.42,1569.43,1569.43,1662.53,1662.53,1589.35,1589.35,1726.82,1726.82,1566.03,1566.03,1711.57
singapore,STI Index,2918.63,3465.63,3465.63,1761.56,1761.56,2897.62,2897.62,3190.04,3190.04,2646.35,2646.35,3167.08,3167.08,3167.43,3167.43,3365.15,3365.15,2882.73,2882.73,2880.76,2880.76,3402.92,3402.92,3068.76,3068.76,3222.83,3222.83,2843.81,2843.81,3123.68
singapore,FSTAS Index,769.95,908.09,908.09,422.59,422.59,715.02,715.02,792.83,792.83,635.25,635.25,776.18,776.18,768.32,768.32,805.15,805.15,694.98,694.98,705.08,705.08,829.64,829.64,743.21,743.21,792.61,792.61,700.58,700.58,768.45
slovak,SKSM Index,415.61,445.65,445.65,359.18,359.18,266.97,266.97,230.38,230.38,215.45,215.45,192.21,192.21,197.76,197.76,222.32,222.32,292.35,292.35,318.57,318.57,325.62,325.62,332.37,332.37,351.14,351.14,345.13,345.13,397.34
slovenia,SBITOP Index,1473.33,2518.92,2518.92,854.26,854.26,982.67,982.67,850.35,850.35,589.58,589.58,635.51,635.51,655.66,655.66,784.12,784.12,696.15,696.15,717.59,717.59,806.52,806.52,805.06,805.06,926.1,926.1,900.37,900.37,1258.8
south africa,JALSH Index,24915.2,28957.97,28957.97,21509.2,21509.2,27666.45,27666.45,32118.89,32118.89,31985.67,31985.67,39250.24,39250.24,46256.23,46256.23,49770.6,49770.6,50693.76,50693.76,50653.54,50653.54,59504.67,59504.67,52736.86,52736.86,57084.1,57084.1,59408.68,59408.68,73709.39
south africa,TOP40 Index,22607.16,26250.29,26250.29,19444.4,19444.4,24996.97,24996.97,28639.4,28639.4,28469.81,28469.81,34795.5,34795.5,41482.39,41482.39,43969.96,43969.96,45797.3,45797.3,43901.99,43901.99,52533.04,52533.04,46726.59,46726.59,50816.05,50816.05,54379.58,54379.58,67052.4
south africa,INDI25 Index,17825.64,20565.98,20565.98,16926.94,16926.94,21617.21,21617.21,26792.62,26792.62,28759.64,28759.64,40402.79,40402.79,54481.85,54481.85,62352.98,62352.98,71755.07,71755.07,64282.51,64282.51,79085.48,79085.48,63684.35,63684.35,69303.71,69303.71,77900.52,77900.52,95457.11
south korea,KOSDAQ Index,606.15,704.23,704.23,332.05,332.05,513.57,513.57,510.69,510.69,500.18,500.18,496.32,496.32,499.99,499.99,542.97,542.97,682.35,682.35,631.44,631.44,798.42,798.42,675.65,675.65,669.83,669.83,968.42,968.42,1033.98
south korea,KRX100 Index,2954.89,3864.01,3864.01,2373.06,2373.06,3578.76,3578.76,4386.97,4386.97,3879.12,3879.12,4266.15,4266.15,4358,4358,3942.92,3942.92,3872.49,3872.49,4079,4079,5155.01,5155.01,4209.6,4209.6,4750.22,4750.22,6224.37,6224.37,6207.79
south korea,KOSPI Index,1434.46,1897.13,1897.13,1124.47,1124.47,1682.77,1682.77,2051,2051,1825.74,1825.74,1997.05,1997.05,2011.34,2011.34,1915.59,1915.59,1961.31,1961.31,2026.46,2026.46,2467.49,2467.49,2041.04,2041.04,2197.67,2197.67,2873.47,2873.47,2977.65
spain,IBEX Index,14146.5,15182.3,15182.3,9195.8,9195.8,11940,11940,9859.1,9859.1,8566.3,8566.3,8167.5,8167.5,9916.7,9916.7,10279.5,10279.5,9544.2,9544.2,9352.1,9352.1,10043.9,10043.9,8539.9,8539.9,9549.2,9549.2,8073.7,8073.7,8713.8
spain,ES30 Index,679.7,724.13,724.13,449.78,449.78,527.52,527.52,456.56,456.56,424.28,424.28,418.43,418.43,532.09,532.09,573.08,573.08,551.62,551.62,541.81,541.81,582.61,582.61,506.51,506.51,566.87,566.87,472.88,472.88,518.66
sri lanka,CSEALL Index,2722.36,2540.99,2540.99,1503.02,1503.02,3385.55,3385.55,6635.87,6635.87,6074.42,6074.42,5643,5643,5912.78,5912.78,7298.95,7298.95,6894.5,6894.5,6228.26,6228.26,6369.26,6369.26,6052.37,6052.37,6129.21,6129.21,6774.22,6774.22,12226.01
sweden,SE30 Index,781.31,744.52,744.52,439.55,439.55,653.59,653.59,809.95,809.95,683.78,683.78,778.44,778.44,943.21,943.21,1036.01,1036.01,1042.33,1042.33,1112.63,1112.63,1183.18,1183.18,1071.55,1071.55,1369.4,1369.4,1494.7,1494.7,1951.63
sweden,OMX Index,1147.27,1081.44,1081.44,662.33,662.33,951.72,951.72,1155.57,1155.57,987.85,987.85,1104.73,1104.73,1332.95,1332.95,1464.55,1464.55,1446.82,1446.82,1517.2,1517.2,1576.94,1576.94,1408.74,1408.74,1771.85,1771.85,1874.74,1874.74,2419.73
sweden,SBX Index,465.12,447.38,447.38,276.98,276.98,411.96,411.96,519.33,519.33,451.07,451.07,525.6,525.6,660.12,660.12,759.45,759.45,806.03,806.03,879.92,879.92,968.31,968.31,923.42,923.42,1213.87,1213.87,1368.77,1368.77,1870.91
sweden,SAX Index,374.47,351.84,351.84,204.22,204.22,299.5,299.5,368.54,368.54,307.04,307.04,343.94,343.94,423.66,423.66,473.89,473.89,505.13,505.13,534.56,534.56,568.8,568.8,525.16,525.16,680.81,680.81,768.38,768.38,1037.14
sweden,OMXO20 Index,403.64,452.64,452.64,209.89,209.89,338.98,338.98,388.62,388.62,333.9,333.9,369.44,369.44,435.2,435.2,440.21,440.21,441.69,441.69,484.33,484.33,565.66,565.66,549.4,549.4,594.73,594.73,573.88,573.88,692.94
switzerland,SMI Index,8785.74,8484.46,8484.46,5534.53,5534.53,6545.91,6545.91,6436.04,6436.04,5936.23,5936.23,6822.44,6822.44,8202.98,8202.98,8983.37,8983.37,8818.09,8818.09,8219.87,8219.87,9381.87,9381.87,8429.3,8429.3,10616.94,10616.94,10703.51,10703.51,12875.66
tunisia,TUSISE Index,2331.05,2614.07,2614.07,2892.4,2892.4,4291.72,4291.72,5112.52,5112.52,4722.25,4722.25,4579.85,4579.85,4381.32,4381.32,5089.99,5089.99,5042.16,5042.16,5488.77,5488.77,6281.83,6281.83,7271.65,7271.65,7122.09,7122.09,6884.93,6884.93,7046.01
turkiye,XU100 Index,391.17,555.38,555.38,268.64,268.64,528.25,528.25,660.04,660.04,512.67,512.67,782.08,782.08,678.02,678.02,857.21,857.21,717.27,717.27,781.39,781.39,1153.33,1153.33,912.7,912.7,1144.25,1144.25,1476.72,1476.72,1857.65
turkiye,XU030 Index,485.51,704.57,704.57,350.02,350.02,669.92,669.92,813.38,813.38,616.98,616.98,977.28,977.28,824.48,824.48,1061.5,1061.5,874.28,874.28,954.99,954.99,1421.12,1421.12,1143.43,1143.43,1388.3,1388.3,1635.97,1635.97,2025.03
turkiye,TR20I Index,382.1,545.22,545.22,287.37,287.37,551.78,551.78,674.82,674.82,522.16,522.16,798.61,798.61,686.76,686.76,876.49,876.49,725.72,725.72,808.19,808.19,1171.1,1171.1,917.65,917.65,1113.74,1113.74,1308.96,1308.96,1640.74
united arab emirates,DFMGI Index,4127.33,5931.95,5931.95,1636.29,1636.29,1803.58,1803.58,1630.52,1630.52,1353.39,1353.39,1622.53,1622.53,3369.81,3369.81,3774,3774,3151,3151,3530.88,3530.88,3370.07,3370.07,2529.75,2529.75,2764.86,2764.86,2491.97,2491.97,3195.91
united arab emirates,DUAE Index,3033.7,4585.35,4585.35,1248.4,1248.4,1851.35,1851.35,1800.58,1800.58,1374.39,1374.41,1819.83,1819.83,3396.97,3396.97,3776.08,3776.08,3063.35,3063.35,3293.85,3293.85,3288.69,3288.69,3074.32,3074.32,3184.38,3184.38,3061.74,3061.74,4284.75
ukraine,PFTS Index,498.86,1174.02,1174.02,301.42,301.42,572.91,572.91,975.08,975.08,534.43,534.43,328.69,328.69,300.53,300.53,386.92,386.92,240.7,240.7,265.15,265.15,315.06,315.06,559.36,559.36,509.65,509.65,499.75,499.75,522.77
united kingdom,ASX Index,3221.42,3286.67,3286.67,2209.29,2209.29,2760.8,2760.8,3062.85,3062.85,2857.88,2857.88,3093.41,3093.41,3609.63,3609.63,3532.74,3532.74,3444.26,3444.26,3873.22,3873.22,4221.82,4221.82,3675.06,3675.06,4196.47,4196.47,3673.63,3673.63,4208.02
united kingdom,SMX Index,3905.6,3420.3,3420.3,1854.22,1854.22,2776.92,2776.92,3228.61,3228.61,2748.77,2748.77,3419.07,3419.07,4431.11,4431.11,4365.92,4365.92,4634.66,4634.66,5143.22,5143.22,5911.89,5911.89,5177.21,5177.21,5950.49,5950.49,6215.49,6215.49,7459.43
United States,CCMP Index,2415.29,2652.28,2652.28,1577.03,1577.03,2269.15,2269.15,2652.87,2652.87,2605.15,2605.15,3019.51,3019.51,4176.59,4176.59,4736.05,4736.05,5007.41,5007.41,5383.12,5383.12,6903.39,6903.39,6635.28,6635.28,8972.6,8972.6,12888.28,12888.28,15644.97
United States,SPX Index,1418.3,1468.36,1468.36,903.25,903.25,1115.1,1115.1,1257.64,1257.64,1257.61,1257.61,1426.19,1426.19,1848.36,1848.36,2058.9,2058.9,2043.94,2043.94,2238.83,2238.83,2673.61,2673.61,2506.85,2506.85,3230.78,3230.78,3756.07,3756.07,4766.18
vietnam,VHINDEX Index,242.89,323.55,323.55,105.12,105.12,168.17,168.17,114.24,114.24,58.74,58.74,57.09,57.09,67.84,67.84,82.85,82.85,79.96,79.96,80.12,80.12,116.86,116.86,104.23,104.23,102.51,102.51,203.12,203.12,473.99
vietnam,VNINDEX Index,751.77,927.02,927.02,315.62,315.62,494.77,494.77,484.66,484.66,351.55,351.55,413.73,413.73,504.63,504.63,545.63,545.63,579.03,579.03,664.87,664.87,984.24,984.24,892.54,892.54,960.99,960.99,1103.87,1103.87,1498.28